{
  "artist_results": {
    "best_val_accuracy": 81.25,
    "class_weights": [
      0.7857142857142857,
      1.375
    ],
    "train_samples": 88,
    "val_samples": 22,
    "confusion_matrix": [
      [
        10,
        4
      ],
      [
        1,
        7
      ]
    ],
    "classification_report": {
      "Artemisia": {
        "precision": 0.9090909090909091,
        "recall": 0.7142857142857143,
        "f1-score": 0.8,
        "support": 14.0
      },
      "Orazio": {
        "precision": 0.6363636363636364,
        "recall": 0.875,
        "f1-score": 0.7368421052631579,
        "support": 8.0
      },
      "accuracy": 0.7727272727272727,
      "macro avg": {
        "precision": 0.7727272727272727,
        "recall": 0.7946428571428572,
        "f1-score": 0.7684210526315789,
        "support": 22.0
      },
      "weighted avg": {
        "precision": 0.8099173553719008,
        "recall": 0.7727272727272727,
        "f1-score": 0.7770334928229665,
        "support": 22.0
      }
    },
    "train_losses": [
      0.3849514384161342,
      0.2288951433517716,
      0.13218166823075575,
      0.16585012943356892,
      0.07146507433869621,
      0.12809954990040173,
      0.11817751511592757,
      0.12651290177282962,
      0.055180598156188025,
      0.07885955458252945,
      0.08304042434743182,
      0.11413377184759486,
      0.14741841436956415,
      0.07627010011029514
    ],
    "val_losses": [
      0.14206678917010626,
      0.1277267038822174,
      0.10346261163552602,
      0.1219584122300148,
      0.11433609326680501,
      0.1434991086522738,
      0.12912754714488983,
      0.09746544311443965,
      0.12648082027832666,
      0.18595782419045767,
      0.17328559358914694,
      0.3284316509962082,
      0.24654658138751984,
      0.16851709286371866
    ],
    "val_accuracies": [
      77.27272727272727,
      86.36363636363636,
      81.81818181818181,
      81.81818181818181,
      77.27272727272727,
      68.18181818181819,
      63.63636363636363,
      77.27272727272727,
      77.27272727272727,
      77.27272727272727,
      77.27272727272727,
      72.72727272727273,
      72.72727272727273,
      77.27272727272727
    ],
    "class_distribution": {
      "Artemisia": 70,
      "Orazio": 40
    }
  },
  "gender_results": {
    "best_val_accuracy": 66.85277088502895,
    "class_weights": [
      0.9191374663072777,
      1.0964630225080385
    ],
    "train_samples": 682,
    "val_samples": 171,
    "confusion_matrix": [
      [
        52,
        41
      ],
      [
        23,
        55
      ]
    ],
    "classification_report": {
      "Female Artist": {
        "precision": 0.6933333333333334,
        "recall": 0.5591397849462365,
        "f1-score": 0.6190476190476191,
        "support": 93.0
      },
      "Male Artist": {
        "precision": 0.5729166666666666,
        "recall": 0.7051282051282052,
        "f1-score": 0.632183908045977,
        "support": 78.0
      },
      "accuracy": 0.6257309941520468,
      "macro avg": {
        "precision": 0.6331249999999999,
        "recall": 0.6321339950372209,
        "f1-score": 0.625615763546798,
        "support": 171.0
      },
      "weighted avg": {
        "precision": 0.638406432748538,
        "recall": 0.6257309941520468,
        "f1-score": 0.6250396105205542,
        "support": 171.0
      }
    },
    "train_losses": [
      0.2985159246640843,
      0.21649887339147025,
      0.1804978954930638,
      0.1668375670303439,
      0.16845537055023882,
      0.14101482953789624,
      0.14271312323940355,
      0.12564353008083132,
      0.12250037406852772,
      0.1127883876175728,
      0.10790688754600841,
      0.09981814862857032,
      0.10675719678185361,
      0.08220380943181903,
      0.09224912493901197,
      0.08991075047226839,
      0.07816679860725133,
      0.08895184780839224,
      0.08717055157433416,
      0.07118487527030845,
      0.07241343612631046,
      0.06398811974281142,
      0.060602132241826416,
      0.05886946335369938,
      0.06767461049305491,
      0.06963031448770401,
      0.06644133670623739,
      0.06130335360852092,
      0.0636365333961886,
      0.04923735511879068,
      0.0473609519147769,
      0.057247527252319595,
      0.07272802882416304
    ],
    "val_losses": [
      0.2270772677253593,
      0.30657797188244085,
      0.21884859996763142,
      0.2274330532686277,
      0.21643344245173715,
      0.210149924186143,
      0.22758487036282365,
      0.1993770617991686,
      0.23370920155536046,
      0.2172181907702576,
      0.21172990912402218,
      0.23801674719222568,
      0.2212487772445787,
      0.2885159923779694,
      0.24893007816916163,
      0.25404663307761605,
      0.2556411557915536,
      0.23101675205610014,
      0.2738864456557415,
      0.30045825395394454,
      0.27690798128870403,
      0.2877824507992376,
      0.3100326130251316,
      0.2873085157268427,
      0.2676906582306732,
      0.2495773449878801,
      0.25543597391383216,
      0.2575390843505209,
      0.24823874937878412,
      0.29617307673801074,
      0.2849264130504294,
      0.27849877828901465,
      0.27898942128839815
    ],
    "val_accuracies": [
      56.14035087719298,
      52.63157894736842,
      55.55555555555556,
      57.30994152046784,
      54.97076023391813,
      59.64912280701754,
      55.55555555555556,
      58.47953216374269,
      56.72514619883041,
      57.89473684210526,
      60.8187134502924,
      61.40350877192982,
      62.57309941520468,
      65.49707602339181,
      62.57309941520468,
      61.98830409356725,
      60.23391812865497,
      59.64912280701754,
      61.40350877192982,
      59.06432748538012,
      66.08187134502924,
      63.1578947368421,
      60.23391812865497,
      61.98830409356725,
      60.8187134502924,
      59.64912280701754,
      63.74269005847953,
      63.1578947368421,
      62.57309941520468,
      63.1578947368421,
      63.1578947368421,
      62.57309941520468,
      62.57309941520468
    ],
    "class_distribution": {
      "Female": 464,
      "Male": 389
    }
  }
}